{"cameraMode":{"drawMode":0,"name":"Shaded","section":"Shading Mode"},"sceneLighting":true,"audioPlay":false,"sceneViewState":{"m_AlwaysRefresh":false,"showFog":true,"showSkybox":true,"showFlares":true,"showImageEffects":true,"showParticleSystems":true,"showVisualEffectGraphs":true,"m_FxEnabled":true},"in2DMode":false,"pivot":{"x":15.001477241516114,"y":1.016279935836792,"z":15.033214569091797},"rotation":{"x":0.1764872670173645,"y":0.2624458968639374,"z":-0.04889022931456566,"w":0.9474100470542908},"size":135.91213989257813,"orthographic":false}